Product_ID,Product_Name,Category,Subcategory,Brand,Cost,Price
1,Snacks_Product_1,Food,Snacks,BrandD,31.21,76.03
2,Snacks_Product_2,Food,Snacks,BrandD,59.1,116.91
3,Snacks_Product_3,Food,Snacks,BrandB,14.17,19.88
4,Snacks_Product_4,Food,Snacks,BrandA,6.53,15.19
5,Snacks_Product_5,Food,Snacks,BrandA,48.89,103.67
6,Snacks_Product_6,Food,Snacks,BrandF,3.61,8.88
7,Snacks_Product_7,Food,Snacks,BrandD,66.93,98.79
8,Snacks_Product_8,Food,Snacks,BrandC,16.18,23.27
9,Snacks_Product_9,Food,Snacks,BrandD,25.73,48.43
10,Snacks_Product_10,Food,Snacks,BrandD,35.69,56.34
11,Snacks_Product_11,Food,Snacks,BrandD,49.72,68.68
12,Snacks_Product_12,Food,Snacks,BrandF,24.79,41.55
13,Snacks_Product_13,Food,Snacks,BrandA,37.57,83.43
14,Snacks_Product_14,Food,Snacks,BrandF,17.57,32.83
15,Snacks_Product_15,Food,Snacks,BrandF,48.21,60.76
16,Snacks_Product_16,Food,Snacks,BrandF,49.39,70.22
17,Snacks_Product_17,Food,Snacks,BrandA,7.07,17.21
18,Snacks_Product_18,Food,Snacks,BrandA,77.32,174.04
19,Snacks_Product_19,Food,Snacks,BrandD,25.76,34.18
20,Snacks_Product_20,Food,Snacks,BrandF,55.37,98.13
21,Snacks_Product_21,Food,Snacks,BrandC,11.52,21.24
22,Snacks_Product_22,Food,Snacks,BrandA,4.68,11.15
23,Snacks_Product_23,Food,Snacks,BrandB,22.18,45.72
24,Snacks_Product_24,Food,Snacks,BrandB,26.31,49.36
25,Snacks_Product_25,Food,Snacks,BrandB,44.64,64.3
26,Snacks_Product_26,Food,Snacks,BrandE,77.63,171.38
27,Snacks_Product_27,Food,Snacks,BrandD,75.28,177.91
28,Snacks_Product_28,Food,Snacks,BrandB,48.64,116.66
29,Snacks_Product_29,Food,Snacks,BrandD,8.9,12.95
30,Snacks_Product_30,Food,Snacks,BrandB,5.53,8.97
31,Snacks_Product_31,Food,Snacks,BrandC,32.32,50.19
32,Snacks_Product_32,Food,Snacks,BrandD,66.64,110.87
33,Snacks_Product_33,Food,Snacks,BrandB,23.91,45.56
34,Snacks_Product_34,Food,Snacks,BrandA,12.99,29.13
35,Snacks_Product_35,Food,Snacks,BrandD,7.81,19.39
36,Snacks_Product_36,Food,Snacks,BrandE,62.24,90.77
37,Snacks_Product_37,Food,Snacks,BrandA,2.43,5.49
38,Snacks_Product_38,Food,Snacks,BrandA,57.13,122.7
39,Snacks_Product_39,Food,Snacks,BrandF,62.16,80.58
40,Snacks_Product_40,Food,Snacks,BrandE,29.96,40.46
41,Beverages_Product_41,Food,Beverages,BrandA,69.32,139.35
42,Beverages_Product_42,Food,Beverages,BrandA,27.81,35.67
43,Beverages_Product_43,Food,Beverages,BrandB,26.26,42.61
44,Beverages_Product_44,Food,Beverages,BrandB,58.91,119.52
45,Beverages_Product_45,Food,Beverages,BrandD,71.2,129.15
46,Beverages_Product_46,Food,Beverages,BrandD,11.33,24.1
47,Beverages_Product_47,Food,Beverages,BrandD,61.34,118.37
48,Beverages_Product_48,Food,Beverages,BrandB,62.14,114.46
49,Beverages_Product_49,Food,Beverages,BrandD,42.77,75.1
50,Beverages_Product_50,Food,Beverages,BrandA,3.98,5.33
51,Beverages_Product_51,Food,Beverages,BrandB,4.45,9.02
52,Beverages_Product_52,Food,Beverages,BrandD,26.52,49.36
53,Beverages_Product_53,Food,Beverages,BrandA,72.79,110.94
54,Beverages_Product_54,Food,Beverages,BrandD,34.01,74.22
55,Beverages_Product_55,Food,Beverages,BrandC,19.85,25.81
56,Beverages_Product_56,Food,Beverages,BrandD,24.6,34.68
57,Beverages_Product_57,Food,Beverages,BrandC,74.52,167.71
58,Beverages_Product_58,Food,Beverages,BrandD,51.41,119.93
59,Beverages_Product_59,Food,Beverages,BrandF,64.69,93.32
60,Beverages_Product_60,Food,Beverages,BrandF,71.62,136.16
61,Beverages_Product_61,Food,Beverages,BrandE,64.98,153.67
62,Beverages_Product_62,Food,Beverages,BrandF,26.8,35.99
63,Beverages_Product_63,Food,Beverages,BrandF,19.78,34.72
64,Beverages_Product_64,Food,Beverages,BrandD,65.81,152.61
65,Beverages_Product_65,Food,Beverages,BrandB,2.54,4.73
66,Beverages_Product_66,Food,Beverages,BrandB,34.56,51.45
67,Beverages_Product_67,Food,Beverages,BrandC,11.35,18.6
68,Beverages_Product_68,Food,Beverages,BrandB,75.55,122.4
69,Beverages_Product_69,Food,Beverages,BrandA,42.47,89.78
70,Beverages_Product_70,Food,Beverages,BrandE,30.36,74.79
71,Beverages_Product_71,Food,Beverages,BrandF,77.07,117.71
72,Beverages_Product_72,Food,Beverages,BrandE,40.79,64.9
73,Beverages_Product_73,Food,Beverages,BrandA,24.22,30.23
74,Beverages_Product_74,Food,Beverages,BrandF,49.55,91.84
75,Beverages_Product_75,Food,Beverages,BrandC,6.02,9.4
76,Beverages_Product_76,Food,Beverages,BrandA,72.84,110.09
77,Beverages_Product_77,Food,Beverages,BrandA,13.3,24.42
78,Beverages_Product_78,Food,Beverages,BrandE,78.88,119.48
79,Beverages_Product_79,Food,Beverages,BrandD,54.43,119.21
80,Beverages_Product_80,Food,Beverages,BrandE,20.54,44.09
81,Dairy_Product_81,Food,Dairy,BrandE,30.69,62.06
82,Dairy_Product_82,Food,Dairy,BrandB,51.42,97.52
83,Dairy_Product_83,Food,Dairy,BrandA,9.04,20.66
84,Dairy_Product_84,Food,Dairy,BrandE,27.02,38.98
85,Dairy_Product_85,Food,Dairy,BrandA,5.18,10.2
86,Dairy_Product_86,Food,Dairy,BrandB,54.85,67.0
87,Dairy_Product_87,Food,Dairy,BrandA,41.94,62.68
88,Dairy_Product_88,Food,Dairy,BrandE,52.32,74.64
89,Dairy_Product_89,Food,Dairy,BrandA,55.89,95.17
90,Dairy_Product_90,Food,Dairy,BrandF,75.06,103.49
91,Dairy_Product_91,Food,Dairy,BrandB,28.6,38.54
92,Dairy_Product_92,Food,Dairy,BrandD,74.13,173.5
93,Dairy_Product_93,Food,Dairy,BrandA,22.12,45.52
94,Dairy_Product_94,Food,Dairy,BrandE,65.74,126.34
95,Dairy_Product_95,Food,Dairy,BrandB,43.31,65.59
96,Dairy_Product_96,Food,Dairy,BrandE,9.26,21.91
97,Dairy_Product_97,Food,Dairy,BrandE,72.23,146.12
98,Dairy_Product_98,Food,Dairy,BrandA,28.44,47.04
99,Dairy_Product_99,Food,Dairy,BrandE,58.62,138.71
100,Dairy_Product_100,Food,Dairy,BrandA,71.19,157.6
101,Dairy_Product_101,Food,Dairy,BrandD,52.08,68.19
102,Dairy_Product_102,Food,Dairy,BrandF,14.61,34.6
103,Dairy_Product_103,Food,Dairy,BrandE,49.3,59.75
104,Dairy_Product_104,Food,Dairy,BrandE,9.91,20.44
105,Dairy_Product_105,Food,Dairy,BrandE,2.39,3.37
106,Dairy_Product_106,Food,Dairy,BrandC,44.8,94.06
107,Dairy_Product_107,Food,Dairy,BrandC,52.85,78.83
108,Dairy_Product_108,Food,Dairy,BrandB,57.55,86.81
109,Dairy_Product_109,Food,Dairy,BrandF,27.38,59.43
110,Dairy_Product_110,Food,Dairy,BrandF,52.67,121.35
111,Dairy_Product_111,Food,Dairy,BrandC,53.29,103.32
112,Dairy_Product_112,Food,Dairy,BrandB,9.31,15.62
113,Dairy_Product_113,Food,Dairy,BrandC,22.69,34.42
114,Dairy_Product_114,Food,Dairy,BrandD,77.89,133.27
115,Dairy_Product_115,Food,Dairy,BrandB,71.58,144.63
116,Dairy_Product_116,Food,Dairy,BrandF,64.0,118.62
117,Dairy_Product_117,Food,Dairy,BrandF,47.0,86.49
118,Dairy_Product_118,Food,Dairy,BrandC,17.23,36.86
119,Dairy_Product_119,Food,Dairy,BrandD,23.9,29.44
120,Dairy_Product_120,Food,Dairy,BrandC,52.35,74.87
121,Frozen_Product_121,Food,Frozen,BrandA,75.36,183.89
122,Frozen_Product_122,Food,Frozen,BrandA,73.36,123.33
123,Frozen_Product_123,Food,Frozen,BrandD,3.21,7.73
124,Frozen_Product_124,Food,Frozen,BrandE,35.4,86.97
125,Frozen_Product_125,Food,Frozen,BrandE,77.16,178.16
126,Frozen_Product_126,Food,Frozen,BrandA,24.97,42.46
127,Frozen_Product_127,Food,Frozen,BrandA,68.39,110.24
128,Frozen_Product_128,Food,Frozen,BrandE,15.22,29.28
129,Frozen_Product_129,Food,Frozen,BrandB,75.02,157.91
130,Frozen_Product_130,Food,Frozen,BrandE,46.46,61.62
131,Frozen_Product_131,Food,Frozen,BrandC,49.97,124.28
132,Frozen_Product_132,Food,Frozen,BrandB,12.93,24.23
133,Frozen_Product_133,Food,Frozen,BrandC,70.44,152.36
134,Frozen_Product_134,Food,Frozen,BrandA,56.37,119.12
135,Frozen_Product_135,Food,Frozen,BrandB,30.04,47.51
136,Frozen_Product_136,Food,Frozen,BrandC,65.13,146.75
137,Frozen_Product_137,Food,Frozen,BrandC,69.63,166.22
138,Frozen_Product_138,Food,Frozen,BrandB,41.88,77.56
139,Frozen_Product_139,Food,Frozen,BrandD,64.27,131.43
140,Frozen_Product_140,Food,Frozen,BrandE,56.75,126.81
141,Frozen_Product_141,Food,Frozen,BrandF,71.42,117.09
142,Frozen_Product_142,Food,Frozen,BrandC,31.3,41.38
143,Frozen_Product_143,Food,Frozen,BrandE,47.11,58.73
144,Frozen_Product_144,Food,Frozen,BrandF,38.32,73.02
145,Frozen_Product_145,Food,Frozen,BrandE,24.35,47.92
146,Frozen_Product_146,Food,Frozen,BrandA,4.38,5.47
147,Frozen_Product_147,Food,Frozen,BrandF,66.16,110.37
148,Frozen_Product_148,Food,Frozen,BrandE,11.91,22.38
149,Frozen_Product_149,Food,Frozen,BrandC,62.06,91.88
150,Frozen_Product_150,Food,Frozen,BrandF,50.59,66.32
151,Frozen_Product_151,Food,Frozen,BrandA,6.03,11.4
152,Frozen_Product_152,Food,Frozen,BrandB,44.17,89.61
153,Frozen_Product_153,Food,Frozen,BrandC,58.64,144.76
154,Frozen_Product_154,Food,Frozen,BrandA,42.27,68.47
155,Frozen_Product_155,Food,Frozen,BrandA,64.02,99.36
156,Frozen_Product_156,Food,Frozen,BrandF,36.24,47.18
157,Frozen_Product_157,Food,Frozen,BrandE,3.98,9.76
158,Frozen_Product_158,Food,Frozen,BrandB,67.21,141.46
159,Frozen_Product_159,Food,Frozen,BrandC,33.9,48.32
160,Frozen_Product_160,Food,Frozen,BrandC,14.2,21.66
161,Men_Product_161,Fashion,Men,BrandE,44.84,95.46
162,Men_Product_162,Fashion,Men,BrandB,53.5,83.67
163,Men_Product_163,Fashion,Men,BrandF,76.48,165.14
164,Men_Product_164,Fashion,Men,BrandC,45.24,90.26
165,Men_Product_165,Fashion,Men,BrandB,34.73,52.86
166,Men_Product_166,Fashion,Men,BrandF,29.77,65.05
167,Men_Product_167,Fashion,Men,BrandF,3.12,4.21
168,Men_Product_168,Fashion,Men,BrandC,5.59,7.0
169,Men_Product_169,Fashion,Men,BrandE,68.73,145.35
170,Men_Product_170,Fashion,Men,BrandD,38.99,51.75
171,Men_Product_171,Fashion,Men,BrandC,40.35,73.26
172,Men_Product_172,Fashion,Men,BrandA,15.51,27.36
173,Men_Product_173,Fashion,Men,BrandA,33.08,66.18
174,Men_Product_174,Fashion,Men,BrandF,51.54,64.88
175,Men_Product_175,Fashion,Men,BrandD,31.22,62.87
176,Men_Product_176,Fashion,Men,BrandC,41.24,95.41
177,Men_Product_177,Fashion,Men,BrandA,53.38,75.36
178,Men_Product_178,Fashion,Men,BrandA,7.5,15.26
179,Men_Product_179,Fashion,Men,BrandC,4.07,7.98
180,Men_Product_180,Fashion,Men,BrandB,75.34,146.77
181,Men_Product_181,Fashion,Men,BrandF,32.28,65.73
182,Men_Product_182,Fashion,Men,BrandC,37.74,72.06
183,Men_Product_183,Fashion,Men,BrandB,75.43,128.38
184,Men_Product_184,Fashion,Men,BrandF,76.97,182.95
185,Men_Product_185,Fashion,Men,BrandD,17.27,22.28
186,Men_Product_186,Fashion,Men,BrandE,9.86,12.07
187,Men_Product_187,Fashion,Men,BrandF,9.37,19.56
188,Men_Product_188,Fashion,Men,BrandD,7.55,12.19
189,Men_Product_189,Fashion,Men,BrandE,67.9,83.53
190,Men_Product_190,Fashion,Men,BrandA,65.53,102.65
191,Men_Product_191,Fashion,Men,BrandA,11.22,23.63
192,Men_Product_192,Fashion,Men,BrandA,51.06,119.52
193,Men_Product_193,Fashion,Men,BrandF,59.34,133.19
194,Men_Product_194,Fashion,Men,BrandB,24.0,34.34
195,Men_Product_195,Fashion,Men,BrandE,60.55,136.17
196,Men_Product_196,Fashion,Men,BrandA,79.26,137.63
197,Men_Product_197,Fashion,Men,BrandC,31.02,68.53
198,Men_Product_198,Fashion,Men,BrandE,28.58,68.88
199,Men_Product_199,Fashion,Men,BrandE,68.96,121.21
200,Men_Product_200,Fashion,Men,BrandB,60.57,132.1
201,Women_Product_201,Fashion,Women,BrandD,10.04,23.83
202,Women_Product_202,Fashion,Women,BrandB,41.41,94.18
203,Women_Product_203,Fashion,Women,BrandA,26.96,63.74
204,Women_Product_204,Fashion,Women,BrandC,32.36,39.29
205,Women_Product_205,Fashion,Women,BrandC,72.62,95.76
206,Women_Product_206,Fashion,Women,BrandA,26.91,65.53
207,Women_Product_207,Fashion,Women,BrandC,76.15,148.15
208,Women_Product_208,Fashion,Women,BrandB,51.28,91.43
209,Women_Product_209,Fashion,Women,BrandF,24.87,40.47
210,Women_Product_210,Fashion,Women,BrandB,54.46,118.62
211,Women_Product_211,Fashion,Women,BrandF,63.74,141.92
212,Women_Product_212,Fashion,Women,BrandA,9.11,16.79
213,Women_Product_213,Fashion,Women,BrandC,6.49,12.42
214,Women_Product_214,Fashion,Women,BrandE,36.44,85.78
215,Women_Product_215,Fashion,Women,BrandD,29.37,39.71
216,Women_Product_216,Fashion,Women,BrandE,13.15,28.8
217,Women_Product_217,Fashion,Women,BrandF,50.22,66.87
218,Women_Product_218,Fashion,Women,BrandB,8.56,18.07
219,Women_Product_219,Fashion,Women,BrandB,7.68,17.42
220,Women_Product_220,Fashion,Women,BrandB,57.09,74.55
221,Women_Product_221,Fashion,Women,BrandB,8.62,21.4
222,Women_Product_222,Fashion,Women,BrandD,31.19,52.46
223,Women_Product_223,Fashion,Women,BrandA,65.4,159.02
224,Women_Product_224,Fashion,Women,BrandB,78.91,171.98
225,Women_Product_225,Fashion,Women,BrandF,31.35,41.02
226,Women_Product_226,Fashion,Women,BrandC,62.62,120.6
227,Women_Product_227,Fashion,Women,BrandD,35.09,83.45
228,Women_Product_228,Fashion,Women,BrandF,10.67,19.64
229,Women_Product_229,Fashion,Women,BrandF,2.89,5.23
230,Women_Product_230,Fashion,Women,BrandB,6.39,8.66
231,Women_Product_231,Fashion,Women,BrandC,11.17,22.83
232,Women_Product_232,Fashion,Women,BrandB,60.19,117.87
233,Women_Product_233,Fashion,Women,BrandF,77.05,130.01
234,Women_Product_234,Fashion,Women,BrandA,24.29,56.58
235,Women_Product_235,Fashion,Women,BrandD,19.44,47.67
236,Women_Product_236,Fashion,Women,BrandA,2.95,7.26
237,Women_Product_237,Fashion,Women,BrandD,5.37,12.67
238,Women_Product_238,Fashion,Women,BrandB,43.16,107.51
239,Women_Product_239,Fashion,Women,BrandB,7.76,14.9
240,Women_Product_240,Fashion,Women,BrandD,77.61,145.91
241,Kids_Product_241,Fashion,Kids,BrandC,51.09,107.52
242,Kids_Product_242,Fashion,Kids,BrandC,37.45,75.49
243,Kids_Product_243,Fashion,Kids,BrandB,47.58,112.84
244,Kids_Product_244,Fashion,Kids,BrandB,5.54,8.67
245,Kids_Product_245,Fashion,Kids,BrandA,76.13,179.46
246,Kids_Product_246,Fashion,Kids,BrandF,37.54,75.31
247,Kids_Product_247,Fashion,Kids,BrandB,23.64,34.15
248,Kids_Product_248,Fashion,Kids,BrandD,38.17,63.34
249,Kids_Product_249,Fashion,Kids,BrandC,47.53,61.84
250,Kids_Product_250,Fashion,Kids,BrandC,78.0,193.6
251,Kids_Product_251,Fashion,Kids,BrandA,56.46,107.1
252,Kids_Product_252,Fashion,Kids,BrandC,26.14,59.02
253,Kids_Product_253,Fashion,Kids,BrandC,55.41,78.21
254,Kids_Product_254,Fashion,Kids,BrandF,73.05,165.77
255,Kids_Product_255,Fashion,Kids,BrandE,76.08,163.07
256,Kids_Product_256,Fashion,Kids,BrandD,49.85,86.92
257,Kids_Product_257,Fashion,Kids,BrandF,74.75,173.86
258,Kids_Product_258,Fashion,Kids,BrandE,5.53,6.83
259,Kids_Product_259,Fashion,Kids,BrandC,31.36,70.68
260,Kids_Product_260,Fashion,Kids,BrandA,79.01,110.26
261,Kids_Product_261,Fashion,Kids,BrandA,48.34,81.94
262,Kids_Product_262,Fashion,Kids,BrandC,77.65,178.19
263,Kids_Product_263,Fashion,Kids,BrandB,67.39,121.93
264,Kids_Product_264,Fashion,Kids,BrandE,34.36,53.44
265,Kids_Product_265,Fashion,Kids,BrandC,6.4,14.87
266,Kids_Product_266,Fashion,Kids,BrandA,65.41,163.5
267,Kids_Product_267,Fashion,Kids,BrandA,79.74,153.27
268,Kids_Product_268,Fashion,Kids,BrandE,61.98,150.5
269,Kids_Product_269,Fashion,Kids,BrandD,68.27,103.88
270,Kids_Product_270,Fashion,Kids,BrandC,37.14,50.8
271,Kids_Product_271,Fashion,Kids,BrandF,76.42,151.93
272,Kids_Product_272,Fashion,Kids,BrandC,19.83,41.11
273,Kids_Product_273,Fashion,Kids,BrandD,50.21,83.63
274,Kids_Product_274,Fashion,Kids,BrandE,10.86,22.51
275,Kids_Product_275,Fashion,Kids,BrandE,42.58,93.85
276,Kids_Product_276,Fashion,Kids,BrandA,42.57,98.24
277,Kids_Product_277,Fashion,Kids,BrandD,45.05,86.91
278,Kids_Product_278,Fashion,Kids,BrandE,70.38,121.37
279,Kids_Product_279,Fashion,Kids,BrandB,12.45,15.41
280,Kids_Product_280,Fashion,Kids,BrandC,60.9,122.19
281,Accessories_Product_281,Fashion,Accessories,BrandA,56.92,84.06
282,Accessories_Product_282,Fashion,Accessories,BrandF,12.64,15.41
283,Accessories_Product_283,Fashion,Accessories,BrandD,29.35,57.73
284,Accessories_Product_284,Fashion,Accessories,BrandA,32.6,57.66
285,Accessories_Product_285,Fashion,Accessories,BrandE,72.52,119.86
286,Accessories_Product_286,Fashion,Accessories,BrandE,42.09,93.39
287,Accessories_Product_287,Fashion,Accessories,BrandF,32.93,66.15
288,Accessories_Product_288,Fashion,Accessories,BrandF,69.26,168.6
289,Accessories_Product_289,Fashion,Accessories,BrandF,13.47,32.39
290,Accessories_Product_290,Fashion,Accessories,BrandF,40.39,62.03
291,Accessories_Product_291,Fashion,Accessories,BrandF,37.81,93.54
292,Accessories_Product_292,Fashion,Accessories,BrandB,40.42,65.78
293,Accessories_Product_293,Fashion,Accessories,BrandC,51.41,77.74
294,Accessories_Product_294,Fashion,Accessories,BrandD,7.92,10.83
295,Accessories_Product_295,Fashion,Accessories,BrandA,11.99,16.76
296,Accessories_Product_296,Fashion,Accessories,BrandF,12.83,26.09
297,Accessories_Product_297,Fashion,Accessories,BrandC,16.19,26.7
298,Accessories_Product_298,Fashion,Accessories,BrandE,71.95,130.67
299,Accessories_Product_299,Fashion,Accessories,BrandC,54.07,77.0
300,Accessories_Product_300,Fashion,Accessories,BrandF,17.0,21.3
301,Accessories_Product_301,Fashion,Accessories,BrandA,15.18,23.71
302,Accessories_Product_302,Fashion,Accessories,BrandF,15.81,20.8
303,Accessories_Product_303,Fashion,Accessories,BrandC,11.41,20.53
304,Accessories_Product_304,Fashion,Accessories,BrandE,18.09,30.27
305,Accessories_Product_305,Fashion,Accessories,BrandC,41.27,86.56
306,Accessories_Product_306,Fashion,Accessories,BrandF,5.07,11.35
307,Accessories_Product_307,Fashion,Accessories,BrandD,50.98,66.59
308,Accessories_Product_308,Fashion,Accessories,BrandC,70.14,168.13
309,Accessories_Product_309,Fashion,Accessories,BrandD,6.76,10.55
310,Accessories_Product_310,Fashion,Accessories,BrandF,64.88,140.97
311,Accessories_Product_311,Fashion,Accessories,BrandC,16.39,24.13
312,Accessories_Product_312,Fashion,Accessories,BrandE,30.9,56.54
313,Accessories_Product_313,Fashion,Accessories,BrandB,50.22,84.35
314,Accessories_Product_314,Fashion,Accessories,BrandB,38.08,82.7
315,Accessories_Product_315,Fashion,Accessories,BrandD,4.86,7.43
316,Accessories_Product_316,Fashion,Accessories,BrandF,57.64,136.25
317,Accessories_Product_317,Fashion,Accessories,BrandD,41.91,79.28
318,Accessories_Product_318,Fashion,Accessories,BrandF,10.36,18.46
319,Accessories_Product_319,Fashion,Accessories,BrandF,43.54,65.97
320,Accessories_Product_320,Fashion,Accessories,BrandB,23.0,38.88
321,Mobile_Product_321,Electronics,Mobile,BrandE,3.57,5.78
322,Mobile_Product_322,Electronics,Mobile,BrandE,18.49,30.06
323,Mobile_Product_323,Electronics,Mobile,BrandC,11.34,26.74
324,Mobile_Product_324,Electronics,Mobile,BrandD,48.3,100.6
325,Mobile_Product_325,Electronics,Mobile,BrandE,63.56,117.46
326,Mobile_Product_326,Electronics,Mobile,BrandA,8.78,16.67
327,Mobile_Product_327,Electronics,Mobile,BrandC,47.77,103.62
328,Mobile_Product_328,Electronics,Mobile,BrandC,35.67,48.72
329,Mobile_Product_329,Electronics,Mobile,BrandB,24.13,40.35
330,Mobile_Product_330,Electronics,Mobile,BrandD,52.38,101.72
331,Mobile_Product_331,Electronics,Mobile,BrandE,29.78,73.93
332,Mobile_Product_332,Electronics,Mobile,BrandE,49.25,74.29
333,Mobile_Product_333,Electronics,Mobile,BrandF,9.94,13.9
334,Mobile_Product_334,Electronics,Mobile,BrandC,21.18,29.84
335,Mobile_Product_335,Electronics,Mobile,BrandD,16.55,25.99
336,Mobile_Product_336,Electronics,Mobile,BrandD,15.52,36.72
337,Mobile_Product_337,Electronics,Mobile,BrandD,8.26,15.54
338,Mobile_Product_338,Electronics,Mobile,BrandF,34.01,84.25
339,Mobile_Product_339,Electronics,Mobile,BrandB,10.74,18.44
340,Mobile_Product_340,Electronics,Mobile,BrandE,77.62,180.48
341,Mobile_Product_341,Electronics,Mobile,BrandD,65.73,100.91
342,Mobile_Product_342,Electronics,Mobile,BrandF,15.33,31.72
343,Mobile_Product_343,Electronics,Mobile,BrandB,74.49,143.3
344,Mobile_Product_344,Electronics,Mobile,BrandF,46.59,72.87
345,Mobile_Product_345,Electronics,Mobile,BrandA,62.02,89.5
346,Mobile_Product_346,Electronics,Mobile,BrandC,27.25,47.77
347,Mobile_Product_347,Electronics,Mobile,BrandE,41.59,63.01
348,Mobile_Product_348,Electronics,Mobile,BrandF,10.96,21.85
349,Mobile_Product_349,Electronics,Mobile,BrandF,24.51,47.93
350,Mobile_Product_350,Electronics,Mobile,BrandE,14.04,25.63
351,Mobile_Product_351,Electronics,Mobile,BrandC,43.54,55.18
352,Mobile_Product_352,Electronics,Mobile,BrandA,28.26,38.85
353,Mobile_Product_353,Electronics,Mobile,BrandB,6.94,17.26
354,Mobile_Product_354,Electronics,Mobile,BrandF,27.14,61.14
355,Mobile_Product_355,Electronics,Mobile,BrandC,21.86,45.6
356,Mobile_Product_356,Electronics,Mobile,BrandB,61.3,121.03
357,Mobile_Product_357,Electronics,Mobile,BrandB,38.78,67.3
358,Mobile_Product_358,Electronics,Mobile,BrandB,29.21,70.35
359,Mobile_Product_359,Electronics,Mobile,BrandA,66.79,163.94
360,Mobile_Product_360,Electronics,Mobile,BrandA,11.7,25.16
361,Laptop_Product_361,Electronics,Laptop,BrandB,75.19,107.94
362,Laptop_Product_362,Electronics,Laptop,BrandD,7.19,15.56
363,Laptop_Product_363,Electronics,Laptop,BrandE,46.81,107.4
364,Laptop_Product_364,Electronics,Laptop,BrandA,12.9,28.82
365,Laptop_Product_365,Electronics,Laptop,BrandD,17.73,25.05
366,Laptop_Product_366,Electronics,Laptop,BrandD,14.81,33.46
367,Laptop_Product_367,Electronics,Laptop,BrandF,53.89,101.31
368,Laptop_Product_368,Electronics,Laptop,BrandE,29.99,70.19
369,Laptop_Product_369,Electronics,Laptop,BrandB,32.61,73.75
370,Laptop_Product_370,Electronics,Laptop,BrandF,36.25,61.26
371,Laptop_Product_371,Electronics,Laptop,BrandF,38.09,60.63
372,Laptop_Product_372,Electronics,Laptop,BrandD,60.31,111.79
373,Laptop_Product_373,Electronics,Laptop,BrandD,20.11,47.65
374,Laptop_Product_374,Electronics,Laptop,BrandD,31.94,60.9
375,Laptop_Product_375,Electronics,Laptop,BrandB,72.7,146.24
376,Laptop_Product_376,Electronics,Laptop,BrandB,11.12,26.93
377,Laptop_Product_377,Electronics,Laptop,BrandF,50.96,83.34
378,Laptop_Product_378,Electronics,Laptop,BrandF,12.86,28.71
379,Laptop_Product_379,Electronics,Laptop,BrandA,50.37,95.38
380,Laptop_Product_380,Electronics,Laptop,BrandA,71.72,159.59
381,Laptop_Product_381,Electronics,Laptop,BrandD,13.83,22.2
382,Laptop_Product_382,Electronics,Laptop,BrandB,21.38,46.33
383,Laptop_Product_383,Electronics,Laptop,BrandB,4.62,8.97
384,Laptop_Product_384,Electronics,Laptop,BrandF,61.47,143.83
385,Laptop_Product_385,Electronics,Laptop,BrandE,28.68,65.04
386,Laptop_Product_386,Electronics,Laptop,BrandD,10.63,24.45
387,Laptop_Product_387,Electronics,Laptop,BrandA,11.94,20.49
388,Laptop_Product_388,Electronics,Laptop,BrandE,64.19,89.54
389,Laptop_Product_389,Electronics,Laptop,BrandB,19.88,42.52
390,Laptop_Product_390,Electronics,Laptop,BrandA,58.16,118.27
391,Laptop_Product_391,Electronics,Laptop,BrandD,56.13,106.96
392,Laptop_Product_392,Electronics,Laptop,BrandB,21.64,35.69
393,Laptop_Product_393,Electronics,Laptop,BrandD,16.16,38.48
394,Laptop_Product_394,Electronics,Laptop,BrandF,47.5,81.75
395,Laptop_Product_395,Electronics,Laptop,BrandE,38.04,92.49
396,Laptop_Product_396,Electronics,Laptop,BrandE,13.96,27.39
397,Laptop_Product_397,Electronics,Laptop,BrandE,41.46,82.71
398,Laptop_Product_398,Electronics,Laptop,BrandC,3.41,7.96
399,Laptop_Product_399,Electronics,Laptop,BrandD,74.71,144.54
400,Laptop_Product_400,Electronics,Laptop,BrandE,56.34,135.17
401,Accessories_Product_401,Electronics,Accessories,BrandF,57.16,79.93
402,Accessories_Product_402,Electronics,Accessories,BrandE,46.95,93.37
403,Accessories_Product_403,Electronics,Accessories,BrandD,35.08,75.68
404,Accessories_Product_404,Electronics,Accessories,BrandE,74.88,179.95
405,Accessories_Product_405,Electronics,Accessories,BrandD,37.17,50.08
406,Accessories_Product_406,Electronics,Accessories,BrandB,78.82,180.54
407,Accessories_Product_407,Electronics,Accessories,BrandF,11.72,28.09
408,Accessories_Product_408,Electronics,Accessories,BrandD,69.85,130.93
409,Accessories_Product_409,Electronics,Accessories,BrandD,48.12,82.7
410,Accessories_Product_410,Electronics,Accessories,BrandC,6.27,10.26
411,Accessories_Product_411,Electronics,Accessories,BrandB,64.62,77.93
412,Accessories_Product_412,Electronics,Accessories,BrandF,28.01,48.11
413,Accessories_Product_413,Electronics,Accessories,BrandC,43.92,105.22
414,Accessories_Product_414,Electronics,Accessories,BrandE,29.01,47.9
415,Accessories_Product_415,Electronics,Accessories,BrandD,59.53,106.43
416,Accessories_Product_416,Electronics,Accessories,BrandF,19.52,34.91
417,Accessories_Product_417,Electronics,Accessories,BrandB,12.99,18.57
418,Accessories_Product_418,Electronics,Accessories,BrandC,40.87,71.3
419,Accessories_Product_419,Electronics,Accessories,BrandD,73.36,122.59
420,Accessories_Product_420,Electronics,Accessories,BrandA,47.29,95.62
421,Accessories_Product_421,Electronics,Accessories,BrandF,3.02,6.23
422,Accessories_Product_422,Electronics,Accessories,BrandC,15.89,38.92
423,Accessories_Product_423,Electronics,Accessories,BrandB,13.6,23.65
424,Accessories_Product_424,Electronics,Accessories,BrandC,8.66,21.61
425,Accessories_Product_425,Electronics,Accessories,BrandC,41.17,81.27
426,Accessories_Product_426,Electronics,Accessories,BrandC,7.23,15.72
427,Accessories_Product_427,Electronics,Accessories,BrandE,18.37,43.49
428,Accessories_Product_428,Electronics,Accessories,BrandA,18.0,26.06
429,Accessories_Product_429,Electronics,Accessories,BrandB,4.85,8.8
430,Accessories_Product_430,Electronics,Accessories,BrandB,46.06,59.21
431,Accessories_Product_431,Electronics,Accessories,BrandB,62.49,111.81
432,Accessories_Product_432,Electronics,Accessories,BrandD,42.9,76.06
433,Accessories_Product_433,Electronics,Accessories,BrandF,33.26,64.11
434,Accessories_Product_434,Electronics,Accessories,BrandB,14.11,20.27
435,Accessories_Product_435,Electronics,Accessories,BrandF,69.22,168.2
436,Accessories_Product_436,Electronics,Accessories,BrandB,31.12,48.3
437,Accessories_Product_437,Electronics,Accessories,BrandA,52.23,90.43
438,Accessories_Product_438,Electronics,Accessories,BrandD,3.98,5.58
439,Accessories_Product_439,Electronics,Accessories,BrandD,57.85,118.97
440,Accessories_Product_440,Electronics,Accessories,BrandC,4.11,6.12
441,Gaming_Product_441,Electronics,Gaming,BrandE,20.02,41.51
442,Gaming_Product_442,Electronics,Gaming,BrandD,3.54,4.73
443,Gaming_Product_443,Electronics,Gaming,BrandD,64.39,92.21
444,Gaming_Product_444,Electronics,Gaming,BrandA,52.91,79.87
445,Gaming_Product_445,Electronics,Gaming,BrandB,9.76,14.8
446,Gaming_Product_446,Electronics,Gaming,BrandD,58.34,134.91
447,Gaming_Product_447,Electronics,Gaming,BrandD,66.76,114.58
448,Gaming_Product_448,Electronics,Gaming,BrandE,54.11,79.35
449,Gaming_Product_449,Electronics,Gaming,BrandF,24.87,58.82
450,Gaming_Product_450,Electronics,Gaming,BrandA,3.01,3.95
451,Gaming_Product_451,Electronics,Gaming,BrandE,18.22,22.49
452,Gaming_Product_452,Electronics,Gaming,BrandD,16.15,31.62
453,Gaming_Product_453,Electronics,Gaming,BrandD,34.87,82.31
454,Gaming_Product_454,Electronics,Gaming,BrandA,65.76,108.13
455,Gaming_Product_455,Electronics,Gaming,BrandC,22.24,37.67
456,Gaming_Product_456,Electronics,Gaming,BrandC,48.04,74.39
457,Gaming_Product_457,Electronics,Gaming,BrandD,50.68,87.79
458,Gaming_Product_458,Electronics,Gaming,BrandD,45.06,79.62
459,Gaming_Product_459,Electronics,Gaming,BrandE,24.97,60.75
460,Gaming_Product_460,Electronics,Gaming,BrandF,61.56,85.08
461,Gaming_Product_461,Electronics,Gaming,BrandF,69.74,127.88
462,Gaming_Product_462,Electronics,Gaming,BrandE,71.78,160.77
463,Gaming_Product_463,Electronics,Gaming,BrandE,35.17,43.23
464,Gaming_Product_464,Electronics,Gaming,BrandB,22.96,43.72
465,Gaming_Product_465,Electronics,Gaming,BrandD,51.41,78.93
466,Gaming_Product_466,Electronics,Gaming,BrandB,12.87,29.41
467,Gaming_Product_467,Electronics,Gaming,BrandC,78.78,148.37
468,Gaming_Product_468,Electronics,Gaming,BrandD,15.39,23.92
469,Gaming_Product_469,Electronics,Gaming,BrandD,3.43,8.19
470,Gaming_Product_470,Electronics,Gaming,BrandA,11.18,21.8
471,Gaming_Product_471,Electronics,Gaming,BrandD,23.38,44.9
472,Gaming_Product_472,Electronics,Gaming,BrandC,52.81,120.34
473,Gaming_Product_473,Electronics,Gaming,BrandF,18.1,21.98
474,Gaming_Product_474,Electronics,Gaming,BrandF,12.68,30.05
475,Gaming_Product_475,Electronics,Gaming,BrandD,70.16,138.68
476,Gaming_Product_476,Electronics,Gaming,BrandF,48.84,100.83
477,Gaming_Product_477,Electronics,Gaming,BrandB,15.68,37.46
478,Gaming_Product_478,Electronics,Gaming,BrandD,34.66,58.86
479,Gaming_Product_479,Electronics,Gaming,BrandB,42.48,53.57
480,Gaming_Product_480,Electronics,Gaming,BrandE,14.97,32.33
481,Kitchen_Product_481,Home,Kitchen,BrandE,8.46,16.79
482,Kitchen_Product_482,Home,Kitchen,BrandA,21.14,36.07
483,Kitchen_Product_483,Home,Kitchen,BrandD,24.52,40.76
484,Kitchen_Product_484,Home,Kitchen,BrandE,58.09,92.15
485,Kitchen_Product_485,Home,Kitchen,BrandE,46.18,84.0
486,Kitchen_Product_486,Home,Kitchen,BrandF,53.77,130.01
487,Kitchen_Product_487,Home,Kitchen,BrandA,59.14,87.49
488,Kitchen_Product_488,Home,Kitchen,BrandA,4.43,6.83
489,Kitchen_Product_489,Home,Kitchen,BrandF,48.42,61.34
490,Kitchen_Product_490,Home,Kitchen,BrandD,40.72,80.46
491,Kitchen_Product_491,Home,Kitchen,BrandB,28.07,61.82
492,Kitchen_Product_492,Home,Kitchen,BrandD,10.31,13.38
493,Kitchen_Product_493,Home,Kitchen,BrandB,58.8,108.44
494,Kitchen_Product_494,Home,Kitchen,BrandA,55.7,98.33
495,Kitchen_Product_495,Home,Kitchen,BrandC,21.22,48.06
496,Kitchen_Product_496,Home,Kitchen,BrandD,64.35,135.33
497,Kitchen_Product_497,Home,Kitchen,BrandC,23.23,45.7
498,Kitchen_Product_498,Home,Kitchen,BrandB,30.16,39.78
499,Kitchen_Product_499,Home,Kitchen,BrandD,73.55,101.34
500,Kitchen_Product_500,Home,Kitchen,BrandC,76.12,135.48
501,Kitchen_Product_501,Home,Kitchen,BrandC,16.44,31.31
502,Kitchen_Product_502,Home,Kitchen,BrandD,70.09,150.83
503,Kitchen_Product_503,Home,Kitchen,BrandC,64.91,133.48
504,Kitchen_Product_504,Home,Kitchen,BrandD,56.0,129.02
505,Kitchen_Product_505,Home,Kitchen,BrandC,21.47,39.42
506,Kitchen_Product_506,Home,Kitchen,BrandA,19.25,47.82
507,Kitchen_Product_507,Home,Kitchen,BrandD,75.64,94.64
508,Kitchen_Product_508,Home,Kitchen,BrandA,57.03,137.03
509,Kitchen_Product_509,Home,Kitchen,BrandF,16.08,31.17
510,Kitchen_Product_510,Home,Kitchen,BrandE,73.41,91.33
511,Kitchen_Product_511,Home,Kitchen,BrandA,56.4,89.48
512,Kitchen_Product_512,Home,Kitchen,BrandC,74.1,182.46
513,Kitchen_Product_513,Home,Kitchen,BrandB,75.65,137.42
514,Kitchen_Product_514,Home,Kitchen,BrandF,69.24,159.11
515,Kitchen_Product_515,Home,Kitchen,BrandA,26.89,61.24
516,Kitchen_Product_516,Home,Kitchen,BrandF,4.89,9.66
517,Kitchen_Product_517,Home,Kitchen,BrandA,19.94,27.05
518,Kitchen_Product_518,Home,Kitchen,BrandA,8.0,16.84
519,Kitchen_Product_519,Home,Kitchen,BrandB,28.51,61.07
520,Kitchen_Product_520,Home,Kitchen,BrandB,7.1,11.43
521,Furniture_Product_521,Home,Furniture,BrandA,44.08,98.21
522,Furniture_Product_522,Home,Furniture,BrandE,26.86,54.09
523,Furniture_Product_523,Home,Furniture,BrandB,71.11,142.26
524,Furniture_Product_524,Home,Furniture,BrandB,20.17,24.84
525,Furniture_Product_525,Home,Furniture,BrandB,69.87,85.78
526,Furniture_Product_526,Home,Furniture,BrandD,70.23,132.57
527,Furniture_Product_527,Home,Furniture,BrandF,75.25,168.44
528,Furniture_Product_528,Home,Furniture,BrandA,79.84,132.21
529,Furniture_Product_529,Home,Furniture,BrandE,61.84,106.52
530,Furniture_Product_530,Home,Furniture,BrandB,39.43,79.48
531,Furniture_Product_531,Home,Furniture,BrandD,70.15,173.92
532,Furniture_Product_532,Home,Furniture,BrandF,61.93,107.95
533,Furniture_Product_533,Home,Furniture,BrandC,34.87,75.28
534,Furniture_Product_534,Home,Furniture,BrandC,20.62,27.71
535,Furniture_Product_535,Home,Furniture,BrandB,29.66,46.67
536,Furniture_Product_536,Home,Furniture,BrandE,25.11,37.76
537,Furniture_Product_537,Home,Furniture,BrandE,5.28,6.46
538,Furniture_Product_538,Home,Furniture,BrandF,79.04,138.8
539,Furniture_Product_539,Home,Furniture,BrandF,31.98,66.63
540,Furniture_Product_540,Home,Furniture,BrandA,19.02,46.31
541,Furniture_Product_541,Home,Furniture,BrandB,63.33,83.36
542,Furniture_Product_542,Home,Furniture,BrandC,34.57,80.99
543,Furniture_Product_543,Home,Furniture,BrandA,75.69,136.82
544,Furniture_Product_544,Home,Furniture,BrandE,49.85,70.64
545,Furniture_Product_545,Home,Furniture,BrandA,79.31,119.06
546,Furniture_Product_546,Home,Furniture,BrandC,75.53,154.42
547,Furniture_Product_547,Home,Furniture,BrandE,49.4,92.2
548,Furniture_Product_548,Home,Furniture,BrandF,19.99,28.58
549,Furniture_Product_549,Home,Furniture,BrandD,19.2,27.69
550,Furniture_Product_550,Home,Furniture,BrandD,62.81,103.96
551,Furniture_Product_551,Home,Furniture,BrandF,6.51,16.01
552,Furniture_Product_552,Home,Furniture,BrandB,70.94,170.69
553,Furniture_Product_553,Home,Furniture,BrandA,79.6,113.51
554,Furniture_Product_554,Home,Furniture,BrandE,32.91,71.93
555,Furniture_Product_555,Home,Furniture,BrandF,56.29,78.81
556,Furniture_Product_556,Home,Furniture,BrandF,65.63,97.91
557,Furniture_Product_557,Home,Furniture,BrandB,19.46,36.94
558,Furniture_Product_558,Home,Furniture,BrandA,48.25,94.29
559,Furniture_Product_559,Home,Furniture,BrandF,9.14,21.39
560,Furniture_Product_560,Home,Furniture,BrandC,22.72,31.09
561,Decor_Product_561,Home,Decor,BrandF,71.32,174.19
562,Decor_Product_562,Home,Decor,BrandE,69.25,155.98
563,Decor_Product_563,Home,Decor,BrandA,53.11,101.76
564,Decor_Product_564,Home,Decor,BrandE,8.78,15.2
565,Decor_Product_565,Home,Decor,BrandA,31.07,47.78
566,Decor_Product_566,Home,Decor,BrandC,58.43,107.78
567,Decor_Product_567,Home,Decor,BrandE,8.32,12.37
568,Decor_Product_568,Home,Decor,BrandD,55.29,71.82
569,Decor_Product_569,Home,Decor,BrandF,68.39,126.09
570,Decor_Product_570,Home,Decor,BrandC,39.49,77.8
571,Decor_Product_571,Home,Decor,BrandA,66.33,109.59
572,Decor_Product_572,Home,Decor,BrandE,54.89,106.24
573,Decor_Product_573,Home,Decor,BrandF,22.83,53.47
574,Decor_Product_574,Home,Decor,BrandC,64.2,131.99
575,Decor_Product_575,Home,Decor,BrandA,68.35,159.08
576,Decor_Product_576,Home,Decor,BrandD,57.25,130.99
577,Decor_Product_577,Home,Decor,BrandD,56.4,117.55
578,Decor_Product_578,Home,Decor,BrandA,50.25,109.47
579,Decor_Product_579,Home,Decor,BrandD,14.37,33.7
580,Decor_Product_580,Home,Decor,BrandC,70.0,86.66
581,Decor_Product_581,Home,Decor,BrandF,66.41,90.82
582,Decor_Product_582,Home,Decor,BrandD,28.14,60.97
583,Decor_Product_583,Home,Decor,BrandF,14.54,32.91
584,Decor_Product_584,Home,Decor,BrandB,66.91,124.43
585,Decor_Product_585,Home,Decor,BrandD,2.5,3.93
586,Decor_Product_586,Home,Decor,BrandB,50.12,124.07
587,Decor_Product_587,Home,Decor,BrandF,51.28,78.86
588,Decor_Product_588,Home,Decor,BrandE,51.45,97.86
589,Decor_Product_589,Home,Decor,BrandF,62.83,84.13
590,Decor_Product_590,Home,Decor,BrandC,61.36,116.81
591,Decor_Product_591,Home,Decor,BrandE,77.11,126.8
592,Decor_Product_592,Home,Decor,BrandE,51.34,123.81
593,Decor_Product_593,Home,Decor,BrandD,10.0,24.18
594,Decor_Product_594,Home,Decor,BrandD,55.66,71.7
595,Decor_Product_595,Home,Decor,BrandD,25.48,54.03
596,Decor_Product_596,Home,Decor,BrandF,7.25,14.19
597,Decor_Product_597,Home,Decor,BrandE,28.98,58.17
598,Decor_Product_598,Home,Decor,BrandC,5.57,12.99
599,Decor_Product_599,Home,Decor,BrandC,77.93,191.67
600,Decor_Product_600,Home,Decor,BrandB,60.47,82.79
601,Cleaning_Product_601,Home,Cleaning,BrandA,61.14,75.32
602,Cleaning_Product_602,Home,Cleaning,BrandC,3.73,6.05
603,Cleaning_Product_603,Home,Cleaning,BrandD,40.11,88.3
604,Cleaning_Product_604,Home,Cleaning,BrandB,55.3,98.42
605,Cleaning_Product_605,Home,Cleaning,BrandD,23.34,58.26
606,Cleaning_Product_606,Home,Cleaning,BrandE,35.24,62.97
607,Cleaning_Product_607,Home,Cleaning,BrandE,14.76,32.96
608,Cleaning_Product_608,Home,Cleaning,BrandF,56.11,83.44
609,Cleaning_Product_609,Home,Cleaning,BrandD,8.43,17.57
610,Cleaning_Product_610,Home,Cleaning,BrandC,53.05,82.51
611,Cleaning_Product_611,Home,Cleaning,BrandA,76.17,106.36
612,Cleaning_Product_612,Home,Cleaning,BrandD,35.72,86.68
613,Cleaning_Product_613,Home,Cleaning,BrandC,34.74,70.53
614,Cleaning_Product_614,Home,Cleaning,BrandB,33.01,51.38
615,Cleaning_Product_615,Home,Cleaning,BrandD,78.75,136.41
616,Cleaning_Product_616,Home,Cleaning,BrandB,71.74,107.53
617,Cleaning_Product_617,Home,Cleaning,BrandC,18.62,23.1
618,Cleaning_Product_618,Home,Cleaning,BrandC,52.83,88.71
619,Cleaning_Product_619,Home,Cleaning,BrandC,69.42,126.01
620,Cleaning_Product_620,Home,Cleaning,BrandC,77.52,111.72
621,Cleaning_Product_621,Home,Cleaning,BrandE,69.75,154.12
622,Cleaning_Product_622,Home,Cleaning,BrandF,62.13,142.79
623,Cleaning_Product_623,Home,Cleaning,BrandC,61.36,123.58
624,Cleaning_Product_624,Home,Cleaning,BrandE,12.24,15.21
625,Cleaning_Product_625,Home,Cleaning,BrandA,73.83,147.78
626,Cleaning_Product_626,Home,Cleaning,BrandE,64.13,117.1
627,Cleaning_Product_627,Home,Cleaning,BrandB,11.15,15.19
628,Cleaning_Product_628,Home,Cleaning,BrandA,55.47,97.59
629,Cleaning_Product_629,Home,Cleaning,BrandB,17.64,32.44
630,Cleaning_Product_630,Home,Cleaning,BrandF,7.01,13.72
631,Cleaning_Product_631,Home,Cleaning,BrandD,22.98,51.4
632,Cleaning_Product_632,Home,Cleaning,BrandD,26.21,46.96
633,Cleaning_Product_633,Home,Cleaning,BrandE,2.91,3.77
634,Cleaning_Product_634,Home,Cleaning,BrandB,32.61,59.48
635,Cleaning_Product_635,Home,Cleaning,BrandF,48.8,77.06
636,Cleaning_Product_636,Home,Cleaning,BrandD,56.21,130.3
637,Cleaning_Product_637,Home,Cleaning,BrandF,62.83,78.63
638,Cleaning_Product_638,Home,Cleaning,BrandF,39.48,52.76
639,Cleaning_Product_639,Home,Cleaning,BrandD,20.88,51.84
640,Cleaning_Product_640,Home,Cleaning,BrandD,13.11,24.23
